cod_ugel,nom_ugel,dre,region,geometria,colegios
010001,UGEL CHACHAPOYAS,DRE AMAZONAS,01,provincia,256
010002,UGEL BAGUA,DRE AMAZONAS,01,distrital,201
010003,UGEL BONGARA,DRE AMAZONAS,01,provincia,137
010004,UGEL CONDORCANQUI,DRE AMAZONAS,01,distrital,266
010005,UGEL LUYA,DRE AMAZONAS,01,provincia,330
010006,UGEL RODRIGUEZ DE MENDOZA,DRE AMAZONAS,01,provincia,227
010007,UGEL UTCUBAMBA,DRE AMAZONAS,01,provincia,637
010009,UGEL IBIR-IMAZA,DRE AMAZONAS,01,distrital,323
010010,UGEL INTERCULTURAL BILINGÜE RIO SANTIAGO,DRE AMAZONAS,01,distrital,147
010011,UGEL INTERCULTURAL BILINGÜE CENEPA,DRE AMAZONAS,01,distrital,122
020001,UGEL HUARAZ,DRE ANCASH,02,provincia,337
020002,UGEL AIJA,DRE ANCASH,02,provincia,67
020003,UGEL ANTONIO RAIMONDI,DRE ANCASH,02,provincia~ANTONIO RAYMONDI,114
020004,UGEL ASUNCION,DRE ANCASH,02,provincia,52
020005,UGEL BOLOGNESI,DRE ANCASH,02,provincia,151
020006,UGEL CARHUAZ,DRE ANCASH,02,provincia,179
020007,UGEL CARLOS FERMIN FITZCARRALD,DRE ANCASH,02,provincia,130
020008,UGEL CASMA,DRE ANCASH,02,provincia,116
020009,UGEL CORONGO,DRE ANCASH,02,provincia,70
020010,UGEL HUARI,DRE ANCASH,02,provincia,363
020011,UGEL HUARMEY,DRE ANCASH,02,provincia,110
020012,UGEL HUAYLAS,DRE ANCASH,02,provincia,278
020013,UGEL MARISCAL LUZURIAGA,DRE ANCASH,02,provincia,171
020014,UGEL OCROS,DRE ANCASH,02,provincia,69
020015,UGEL PALLASCA,DRE ANCASH,02,provincia,185
020016,UGEL POMABAMBA,DRE ANCASH,02,provincia,214
020017,UGEL RECUAY,DRE ANCASH,02,provincia,123
020018,UGEL SANTA,DRE ANCASH,02,provincia,529
020019,UGEL SIHUAS,DRE ANCASH,02,provincia,239
020020,UGEL YUNGAY,DRE ANCASH,02,provincia,327
030001,UGEL ABANCAY,DRE APURIMAC,03,provincia,422
030002,UGEL ANDAHUAYLAS,DRE APURIMAC,03,distrital,570
030003,UGEL ANTABAMBA,DRE APURIMAC,03,provincia,80
030004,UGEL AYMARAES,DRE APURIMAC,03,provincia,215
030005,UGEL COTABAMBAS,DRE APURIMAC,03,provincia,386
030006,UGEL CHINCHEROS,DRE APURIMAC,03,distrital,295
030007,UGEL GRAU,DRE APURIMAC,03,provincia,190
030008,UGEL HUANCARAMA,DRE APURIMAC,03,distrital,92
040001,UGEL AREQUIPA NORTE,DRE AREQUIPA,04,distrital,380
040002,UGEL AREQUIPA SUR,DRE AREQUIPA,04,distrital,381
040003,UGEL CAMANA,DRE AREQUIPA,04,provincia,110
040004,UGEL CARAVELI,DRE AREQUIPA,04,provincia,106
040005,UGEL CASTILLA,DRE AREQUIPA,04,distrital,158
040006,UGEL CAYLLOMA,DRE AREQUIPA,04,distrital,170
040007,UGEL CONDESUYOS,DRE AREQUIPA,04,provincia,87
040008,UGEL ISLAY,DRE AREQUIPA,04,provincia,86
040009,UGEL LA UNION,DRE AREQUIPA,04,provincia,126
040010,UGEL LA JOYA,DRE AREQUIPA,04,distrital,203
050001,UGEL HUAMANGA,DRE AYACUCHO,05,distrital,762
050002,UGEL CANGALLO,DRE AYACUCHO,05,provincia,141
050003,UGEL HUANCASANCOS,DRE AYACUCHO,05,provincia~HUANCA SANCOS,52
050004,UGEL HUANTA,DRE AYACUCHO,05,distrital,552
050005,UGEL LA MAR,DRE AYACUCHO,05,distrital,536
050006,UGEL LUCANAS,DRE AYACUCHO,05,provincia,449
050007,UGEL PARINACOCHAS,DRE AYACUCHO,05,provincia,244
050008,UGEL PAUCAR DEL SARASARA,DRE AYACUCHO,05,provincia~PAUCAR DEL SARA SARA,110
050009,UGEL SUCRE,DRE AYACUCHO,05,provincia,119
050010,UGEL VICTOR FAJARDO,DRE AYACUCHO,05,provincia,124
050011,UGEL VILCASHUAMAN,DRE AYACUCHO,05,provincia~VILCAS HUAMAN,177
060001,UGEL CAJAMARCA,DRE CAJAMARCA,06,provincia,952
060002,UGEL CAJABAMBA,DRE CAJAMARCA,06,provincia,388
060003,UGEL CELENDIN,DRE CAJAMARCA,06,provincia,591
060004,UGEL CHOTA,DRE CAJAMARCA,06,provincia,785
060005,UGEL CONTUMAZA,DRE CAJAMARCA,06,provincia,245
060006,UGEL CUTERVO,DRE CAJAMARCA,06,provincia,897
060007,UGEL HUALGAYOC,DRE CAJAMARCA,06,provincia,412
060008,UGEL JAEN,DRE CAJAMARCA,06,provincia,938
060009,UGEL SAN IGNACIO,DRE CAJAMARCA,06,provincia,846
060010,UGEL SAN MARCOS,DRE CAJAMARCA,06,provincia,346
060011,UGEL SAN MIGUEL,DRE CAJAMARCA,06,provincia,428
060012,UGEL SAN PABLO,DRE CAJAMARCA,06,provincia,173
060013,UGEL SANTA CRUZ,DRE CAJAMARCA,06,provincia,334
070101,DIRECCIÓN REGIONAL DE EDUCACIÓN CALLAO,DRE CALLAO,07,provincia,212
070102,UGEL VENTANILLA,DRE CALLAO,07,distrital,194
080001,UGEL CUSCO,DRE CUSCO,08,provincia,320
080002,UGEL ACOMAYO,DRE CUSCO,08,provincia,114
080003,UGEL ANTA,DRE CUSCO,08,provincia,198
080004,UGEL CALCA,DRE CUSCO,08,provincia,273
080005,UGEL CANAS,DRE CUSCO,08,provincia,127
080006,UGEL CANCHIS,DRE CUSCO,08,provincia,380
080007,UGEL CHUMBIVILCAS,DRE CUSCO,08,provincia,322
080008,UGEL ESPINAR,DRE CUSCO,08,provincia,247
080009,UGEL LA CONVENCION,DRE CUSCO,08,distrital,521
080010,UGEL PARURO,DRE CUSCO,08,provincia,180
080011,UGEL PAUCARTAMBO,DRE CUSCO,08,provincia,269
080012,UGEL QUISPICANCHI,DRE CUSCO,08,provincia,316
080013,UGEL URUBAMBA,DRE CUSCO,08,provincia,157
080014,UGEL PICHARI-KIMBIRI,DRE CUSCO,08,distrital,238
090001,UGEL HUANCAVELICA,DRE HUANCAVELICA,09,provincia,683
090002,UGEL ACOBAMBA,DRE HUANCAVELICA,09,provincia,272
090003,UGEL ANGARAES,DRE HUANCAVELICA,09,provincia,344
090004,UGEL CASTROVIRREYNA,DRE HUANCAVELICA,09,provincia,229
090005,UGEL CHURCAMPA,DRE HUANCAVELICA,09,distrital,312
090006,UGEL HUAYTARA,DRE HUANCAVELICA,09,provincia,262
090007,UGEL TAYACAJA,DRE HUANCAVELICA,09,distrital,520
090009,UGEL SURCUBAMBA,DRE HUANCAVELICA,09,distrital,195
100001,UGEL HUANUCO,DRE HUANUCO,10,distrital,764
100002,UGEL AMBO,DRE HUANUCO,10,provincia,308
100003,UGEL DOS DE MAYO,DRE HUANUCO,10,provincia,271
100004,UGEL LAURICOCHA,DRE HUANUCO,10,provincia,178
100005,UGEL YAROWILCA,DRE HUANUCO,10,provincia,202
100006,UGEL HUACAYBAMBA,DRE HUANUCO,10,provincia,148
100007,UGEL HUAMALIES,DRE HUANUCO,10,provincia,278
100008,UGEL LEONCIO PRADO,DRE HUANUCO,10,distrital,542
100009,UGEL MARAÑON,DRE HUANUCO,10,distrital,239
100010,UGEL PACHITEA,DRE HUANUCO,10,provincia,365
100011,UGEL PUERTO INCA,DRE HUANUCO,10,provincia,384
110001,UGEL ICA,DRE ICA,11,provincia,404
110002,UGEL CHINCHA,DRE ICA,11,provincia,312
110003,UGEL NASCA,DRE ICA,11,provincia,92
110004,UGEL PALPA,DRE ICA,11,provincia,94
110005,UGEL PISCO,DRE ICA,11,provincia,169
120001,UGEL HUANCAYO,DRE JUNIN,12,provincia,631
120002,UGEL CHUPACA,DRE JUNIN,12,provincia,186
120003,UGEL CONCEPCION,DRE JUNIN,12,provincia,266
120004,UGEL CHANCHAMAYO,DRE JUNIN,12,provincia,442
120005,UGEL JAUJA,DRE JUNIN,12,provincia,307
120006,UGEL JUNIN,DRE JUNIN,12,provincia,126
120007,UGEL SATIPO,DRE JUNIN,12,provincia,524
120008,UGEL TARMA,DRE JUNIN,12,provincia,326
120009,UGEL YAULI,DRE JUNIN,12,provincia,110
120010,UGEL PANGOA,DRE JUNIN,12,distrital,332
120011,UGEL PICHANAKI,DRE JUNIN,12,distrital,324
120012,UGEL RIO TAMBO,DRE JUNIN,12,distrital,232
120014,UGEL RIO ENE - MANTARO,DRE JUNIN,12,distrital,229
130002,UGEL VIRU,DRE LA LIBERTAD,13,provincia,158
130003,UGEL ASCOPE,DRE LA LIBERTAD,13,provincia,202
130004,UGEL BOLIVAR,DRE LA LIBERTAD,13,provincia,120
130005,UGEL CHEPEN,DRE LA LIBERTAD,13,provincia,149
130006,UGEL JULCAN,DRE LA LIBERTAD,13,provincia,251
130007,UGEL OTUZCO,DRE LA LIBERTAD,13,provincia,460
130008,UGEL PACASMAYO,DRE LA LIBERTAD,13,provincia,132
130009,UGEL PATAZ,DRE LA LIBERTAD,13,provincia,545
130010,UGEL SANCHEZ CARRION,DRE LA LIBERTAD,13,provincia,791
130011,UGEL SANTIAGO DE CHUCO,DRE LA LIBERTAD,13,provincia,325
130012,UGEL GRAN CHIMU,DRE LA LIBERTAD,13,provincia,214
130014,UGEL 01 EL PORVENIR,DRE LA LIBERTAD,13,distrital,243
130015,UGEL 02 LA ESPERANZA,DRE LA LIBERTAD,13,distrital,120
130016,UGEL 03 TRUJILLO NOR OESTE,DRE LA LIBERTAD,13,distrital,115
130017,UGEL 04 TRUJILLO SUR ESTE,DRE LA LIBERTAD,13,distrital,99
140001,UGEL CHICLAYO,DRE LAMBAYEQUE,14,provincia,508
140002,UGEL FERREÑAFE,DRE LAMBAYEQUE,14,provincia,369
140003,UGEL LAMBAYEQUE,DRE LAMBAYEQUE,14,provincia,767
150102,UGEL 01 SAN JUAN DE MIRAFLORES,DRE LIMA METROPOLITANA,15,distrital,536
150103,UGEL 02 RIMAC,DRE LIMA METROPOLITANA,15,distrital,401
150104,UGEL 03 BREÑA,DRE LIMA METROPOLITANA,15,distrital,485
150105,UGEL 04 COMAS,DRE LIMA METROPOLITANA,15,distrital,449
150106,UGEL 05 SAN JUAN DE LURIGANCHO,DRE LIMA METROPOLITANA,15,distrital,385
150107,UGEL 06 ATE,DRE LIMA METROPOLITANA,15,distrital,466
150108,UGEL 07 SAN BORJA,DRE LIMA METROPOLITANA,15,distrital,220
150201,UGEL 08 CAÑETE,DRE LIMA PROVINCIAS,15,provincia,333
150202,UGEL 09 HUAURA,DRE LIMA PROVINCIAS,15,provincia,313
150203,UGEL 10 HUARAL,DRE LIMA PROVINCIAS,15,provincia,284
150204,UGEL 11 CAJATAMBO,DRE LIMA PROVINCIAS,15,provincia,101
150205,UGEL 12 CANTA,DRE LIMA PROVINCIAS,15,provincia,71
150206,UGEL 13 YAUYOS,DRE LIMA PROVINCIAS,15,provincia,233
150207,UGEL 14 OYON,DRE LIMA PROVINCIAS,15,provincia,111
150208,UGEL 15 HUAROCHIRI,DRE LIMA PROVINCIAS,15,provincia,359
150209,UGEL 16 BARRANCA,DRE LIMA PROVINCIAS,15,provincia,194
160001,UGEL MAYNAS,DRE LORETO,16,provincia,1520
160002,UGEL ALTO AMAZONAS - YURIMAGUAS,DRE LORETO,16,distrital,830
160003,UGEL ALTO AMAZONAS - SAN LORENZO,DRE LORETO,16,distrital,218
160004,UGEL LORETO - NAUTA,DRE LORETO,16,provincia,672
160005,UGEL RAMON CASTILLA - CABALLOCOCHA,DRE LORETO,16,distrital,427
160006,UGEL REQUENA,DRE LORETO,16,provincia,448
160007,UGEL UCAYALI - CONTAMANA,DRE LORETO,16,provincia,483
160008,UGEL PUTUMAYO,DRE LORETO,16,distrital,123
160011,UGEL DATEM DEL MARAÑÓN INTERCULTURAL BILINGÜE,DRE LORETO,16,distrital,603
170001,UGEL TAMBOPATA,DRE MADRE DE DIOS,17,provincia,355
170002,UGEL MANU,DRE MADRE DE DIOS,17,provincia,72
170003,UGEL TAHUAMANU,DRE MADRE DE DIOS,17,provincia,61
180001,UGEL MARISCAL NIETO,DRE MOQUEGUA,18,distrital,206
180002,UGEL GENERAL SANCHEZ CERRO,DRE MOQUEGUA,18,provincia,148
180003,UGEL ILO,DRE MOQUEGUA,18,provincia,58
180005,UGEL SAN IGNACIO DE LOYOLA-ICHUÑA,DRE MOQUEGUA,18,distrital,42
190001,UGEL PASCO,DRE PASCO,19,provincia,427
190002,UGEL DANIEL ALCIDES CARRION,DRE PASCO,19,provincia,251
190003,UGEL OXAPAMPA,DRE PASCO,19,distrital,582
190004,UGEL PUERTO BERMÚDEZ,DRE PASCO,19,distrital,237
200001,UGEL PIURA,DRE PIURA,20,distrital,586
200002,UGEL TAMBOGRANDE,DRE PIURA,20,distrital,421
200003,UGEL LA UNION,DRE PIURA,20,distrital,150
200004,UGEL SECHURA,DRE PIURA,20,provincia,153
200005,UGEL AYABACA,DRE PIURA,20,provincia,530
200006,UGEL HUANCABAMBA,DRE PIURA,20,provincia,359
200007,UGEL CHULUCANAS,DRE PIURA,20,distrital,424
200008,UGEL MORROPON,DRE PIURA,20,provincia,678
200009,UGEL PAITA,DRE PIURA,20,provincia,159
200010,UGEL SULLANA,DRE PIURA,20,provincia,551
200011,UGEL TALARA,DRE PIURA,20,provincia,112
200012,UGEL HUARMACA,DRE PIURA,20,distrital,349
210001,UGEL PUNO,DRE PUNO,21,provincia,547
210002,UGEL AZANGARO,DRE PUNO,21,provincia,514
210003,UGEL CARABAYA,DRE PUNO,21,provincia,270
210004,UGEL EL COLLAO,DRE PUNO,21,provincia,301
210005,UGEL CHUCUITO,DRE PUNO,21,provincia,375
210006,UGEL HUANCANE,DRE PUNO,21,provincia,365
210007,UGEL SAN ANTONIO DE PUTINA,DRE PUNO,21,provincia,125
210008,UGEL MOHO,DRE PUNO,21,provincia,175
210009,UGEL LAMPA,DRE PUNO,21,provincia,221
210010,UGEL MELGAR,DRE PUNO,21,provincia,320
210011,UGEL SAN ROMAN,DRE PUNO,21,distrital,370
210012,UGEL SANDIA,DRE PUNO,21,provincia,287
210013,UGEL YUNGUYO,DRE PUNO,21,provincia,119
210014,UGEL CRUCERO,DRE PUNO,21,distrital,166
220001,UGEL MOYOBAMBA,DRE SAN MARTIN,22,provincia,685
220002,UGEL BELLAVISTA,DRE SAN MARTIN,22,provincia,265
220003,UGEL HUALLAGA,DRE SAN MARTIN,22,provincia,148
220004,UGEL LAMAS,DRE SAN MARTIN,22,provincia,377
220005,UGEL EL DORADO,DRE SAN MARTIN,22,provincia,193
220006,UGEL MARISCAL CACERES,DRE SAN MARTIN,22,provincia,234
220007,UGEL PICOTA,DRE SAN MARTIN,22,provincia,235
220008,UGEL RIOJA,DRE SAN MARTIN,22,provincia,336
220009,UGEL SAN MARTIN,DRE SAN MARTIN,22,provincia,355
220010,UGEL TOCACHE,DRE SAN MARTIN,22,distrital,371
230001,UGEL TACNA,DRE TACNA,23,distrital,306
230002,UGEL JORGE BASADRE,DRE TACNA,23,provincia,62
230003,UGEL TARATA,DRE TACNA,23,provincia,79
230004,UGEL CANDARAVE,DRE TACNA,23,provincia,67
240001,UGEL TUMBES,DRE TUMBES,24,provincia,227
240002,UGEL CONTRALMIRANTE VILLAR,DRE TUMBES,24,provincia,98
240003,UGEL ZARUMILLA,DRE TUMBES,24,provincia,80
250001,UGEL CORONEL PORTILLO,DRE UCAYALI,25,provincia,1087
250002,UGEL ATALAYA,DRE UCAYALI,25,provincia,440
250003,UGEL PADRE ABAD,DRE UCAYALI,25,distrital,373
250004,UGEL PURUS,DRE UCAYALI,25,provincia,74
