ubigeo,cod_ugel,nom_ugel
040101,040001,UGEL AREQUIPA NORTE
040102,040002,UGEL AREQUIPA SUR
040103,040001,UGEL AREQUIPA NORTE
040104,040001,UGEL AREQUIPA NORTE
040105,040002,UGEL AREQUIPA SUR
040106,040002,UGEL AREQUIPA SUR
040107,040002,UGEL AREQUIPA SUR
040108,040010,UGEL LA JOYA
040109,040002,UGEL AREQUIPA SUR
040110,040002,UGEL AREQUIPA SUR
040111,040002,UGEL AREQUIPA SUR
040112,040002,UGEL AREQUIPA SUR
040113,040002,UGEL AREQUIPA SUR
040114,040002,UGEL AREQUIPA SUR
040115,040002,UGEL AREQUIPA SUR
040116,040002,UGEL AREQUIPA SUR
040117,040001,UGEL AREQUIPA NORTE
040118,040010,UGEL LA JOYA
040119,040002,UGEL AREQUIPA SUR
040120,040010,UGEL LA JOYA
040121,040010,UGEL LA JOYA
040122,040002,UGEL AREQUIPA SUR
040123,040001,UGEL AREQUIPA NORTE
040124,040001,UGEL AREQUIPA NORTE
040125,040010,UGEL LA JOYA
040126,040001,UGEL AREQUIPA NORTE
040127,040002,UGEL AREQUIPA SUR
040128,040001,UGEL AREQUIPA NORTE
040129,040002,UGEL AREQUIPA SUR
040401,040005,UGEL CASTILLA
040402,040005,UGEL CASTILLA
040403,040005,UGEL CASTILLA
040404,040006,UGEL CAYLLOMA
040405,040005,UGEL CASTILLA
040406,040006,UGEL CAYLLOMA
040407,040005,UGEL CASTILLA
040408,040005,UGEL CASTILLA
040409,040005,UGEL CASTILLA
040410,040005,UGEL CASTILLA
040411,040005,UGEL CASTILLA
040412,040005,UGEL CASTILLA
040413,040005,UGEL CASTILLA
040414,040005,UGEL CASTILLA
040501,040006,UGEL CAYLLOMA
040502,040006,UGEL CAYLLOMA
040503,040006,UGEL CAYLLOMA
040504,040006,UGEL CAYLLOMA
040505,040006,UGEL CAYLLOMA
040506,040006,UGEL CAYLLOMA
040507,040006,UGEL CAYLLOMA
040508,040001,UGEL AREQUIPA NORTE
040509,040006,UGEL CAYLLOMA
040510,040006,UGEL CAYLLOMA
040511,040001,UGEL AREQUIPA NORTE
040512,040006,UGEL CAYLLOMA
040513,040006,UGEL CAYLLOMA
040514,040006,UGEL CAYLLOMA
040515,040006,UGEL CAYLLOMA
040516,040006,UGEL CAYLLOMA
040517,040006,UGEL CAYLLOMA
040518,040006,UGEL CAYLLOMA
040519,040006,UGEL CAYLLOMA
040520,040010,UGEL LA JOYA
